孙凯,习近平, ,潍坊淄博华山泰山孙凯;习近平
孙凯,潍坊, ,潍坊淄博华山泰山孙凯;习近平
孙凯,淄博, ,潍坊淄博华山泰山孙凯;习近平
孙凯,华山, ,潍坊淄博华山泰山孙凯;习近平
孙凯,泰山, ,潍坊淄博华山泰山孙凯;习近平
习近平,孙凯, ,潍坊淄博华山泰山孙凯;习近平
习近平,潍坊, ,潍坊淄博华山泰山孙凯;习近平
习近平,淄博, ,潍坊淄博华山泰山孙凯;习近平
习近平,华山, ,潍坊淄博华山泰山孙凯;习近平
习近平,泰山, ,潍坊淄博华山泰山孙凯;习近平
潍坊,孙凯, ,潍坊淄博华山泰山孙凯;习近平
潍坊,习近平, ,潍坊淄博华山泰山孙凯;习近平
潍坊,淄博, ,潍坊淄博华山泰山孙凯;习近平
潍坊,华山, ,潍坊淄博华山泰山孙凯;习近平
潍坊,泰山, ,潍坊淄博华山泰山孙凯;习近平
淄博,孙凯, ,潍坊淄博华山泰山孙凯;习近平
淄博,习近平, ,潍坊淄博华山泰山孙凯;习近平
淄博,潍坊, ,潍坊淄博华山泰山孙凯;习近平
淄博,华山, ,潍坊淄博华山泰山孙凯;习近平
淄博,泰山, ,潍坊淄博华山泰山孙凯;习近平
华山,孙凯, ,潍坊淄博华山泰山孙凯;习近平
华山,习近平, ,潍坊淄博华山泰山孙凯;习近平
华山,潍坊, ,潍坊淄博华山泰山孙凯;习近平
华山,淄博, ,潍坊淄博华山泰山孙凯;习近平
华山,泰山, ,潍坊淄博华山泰山孙凯;习近平
泰山,孙凯, ,潍坊淄博华山泰山孙凯;习近平
泰山,习近平, ,潍坊淄博华山泰山孙凯;习近平
泰山,潍坊, ,潍坊淄博华山泰山孙凯;习近平
泰山,淄博, ,潍坊淄博华山泰山孙凯;习近平
泰山,华山, ,潍坊淄博华山泰山孙凯;习近平
潍坊,淄博, ,潍坊淄博华山泰山孙凯;习近平
潍坊,华山, ,潍坊淄博华山泰山孙凯;习近平
潍坊,泰山, ,潍坊淄博华山泰山孙凯;习近平
潍坊,孙凯, ,潍坊淄博华山泰山孙凯;习近平
潍坊,习近平, ,潍坊淄博华山泰山孙凯;习近平
淄博,潍坊, ,潍坊淄博华山泰山孙凯;习近平
淄博,华山, ,潍坊淄博华山泰山孙凯;习近平
淄博,泰山, ,潍坊淄博华山泰山孙凯;习近平
淄博,孙凯, ,潍坊淄博华山泰山孙凯;习近平
淄博,习近平, ,潍坊淄博华山泰山孙凯;习近平
华山,潍坊, ,潍坊淄博华山泰山孙凯;习近平
华山,淄博, ,潍坊淄博华山泰山孙凯;习近平
华山,泰山, ,潍坊淄博华山泰山孙凯;习近平
华山,孙凯, ,潍坊淄博华山泰山孙凯;习近平
华山,习近平, ,潍坊淄博华山泰山孙凯;习近平
泰山,潍坊, ,潍坊淄博华山泰山孙凯;习近平
泰山,淄博, ,潍坊淄博华山泰山孙凯;习近平
泰山,华山, ,潍坊淄博华山泰山孙凯;习近平
泰山,孙凯, ,潍坊淄博华山泰山孙凯;习近平
泰山,习近平, ,潍坊淄博华山泰山孙凯;习近平
孙凯,潍坊, ,潍坊淄博华山泰山孙凯;习近平
孙凯,淄博, ,潍坊淄博华山泰山孙凯;习近平
孙凯,华山, ,潍坊淄博华山泰山孙凯;习近平
孙凯,泰山, ,潍坊淄博华山泰山孙凯;习近平
孙凯,习近平, ,潍坊淄博华山泰山孙凯;习近平
习近平,潍坊, ,潍坊淄博华山泰山孙凯;习近平
习近平,淄博, ,潍坊淄博华山泰山孙凯;习近平
习近平,华山, ,潍坊淄博华山泰山孙凯;习近平
习近平,泰山, ,潍坊淄博华山泰山孙凯;习近平
习近平,孙凯, ,潍坊淄博华山泰山孙凯;习近平
孙凯,习近平, ,潍坊淄博华山泰山孙凯;习近平
孙凯,潍坊, ,潍坊淄博华山泰山孙凯;习近平
孙凯,淄博, ,潍坊淄博华山泰山孙凯;习近平
孙凯,华山, ,潍坊淄博华山泰山孙凯;习近平
孙凯,泰山, ,潍坊淄博华山泰山孙凯;习近平
习近平,孙凯, ,潍坊淄博华山泰山孙凯;习近平
习近平,潍坊, ,潍坊淄博华山泰山孙凯;习近平
习近平,淄博, ,潍坊淄博华山泰山孙凯;习近平
习近平,华山, ,潍坊淄博华山泰山孙凯;习近平
习近平,泰山, ,潍坊淄博华山泰山孙凯;习近平
潍坊,孙凯, ,潍坊淄博华山泰山孙凯;习近平
潍坊,习近平, ,潍坊淄博华山泰山孙凯;习近平
潍坊,淄博, ,潍坊淄博华山泰山孙凯;习近平
潍坊,华山, ,潍坊淄博华山泰山孙凯;习近平
潍坊,泰山, ,潍坊淄博华山泰山孙凯;习近平
淄博,孙凯, ,潍坊淄博华山泰山孙凯;习近平
淄博,习近平, ,潍坊淄博华山泰山孙凯;习近平
淄博,潍坊, ,潍坊淄博华山泰山孙凯;习近平
淄博,华山, ,潍坊淄博华山泰山孙凯;习近平
淄博,泰山, ,潍坊淄博华山泰山孙凯;习近平
华山,孙凯, ,潍坊淄博华山泰山孙凯;习近平
华山,习近平, ,潍坊淄博华山泰山孙凯;习近平
华山,潍坊, ,潍坊淄博华山泰山孙凯;习近平
华山,淄博, ,潍坊淄博华山泰山孙凯;习近平
华山,泰山, ,潍坊淄博华山泰山孙凯;习近平
泰山,孙凯, ,潍坊淄博华山泰山孙凯;习近平
泰山,习近平, ,潍坊淄博华山泰山孙凯;习近平
泰山,潍坊, ,潍坊淄博华山泰山孙凯;习近平
泰山,淄博, ,潍坊淄博华山泰山孙凯;习近平
泰山,华山, ,潍坊淄博华山泰山孙凯;习近平
